Date,last_price
2009-02-02,7.0
2009-02-03,7.1
2009-02-04,7.0
2009-02-05,6.9
2009-02-06,6.95
2009-02-09,6.85
2009-02-10,6.8
2009-02-11,6.6
2009-02-12,6.4
2009-02-13,6.3
2009-02-16,6.4
2009-02-17,5.2
2009-02-18,6.0
2009-02-19,5.9
2009-02-20,5.7
2009-02-23,5.25
2009-02-24,5.0
2009-02-25,4.95
2009-02-26,5.0
2009-02-27,4.8
2009-03-02,4.6
2009-03-03,4.7
2009-03-04,4.65
2009-03-05,4.9
2009-03-06,4.9
2009-03-09,4.7
2009-03-10,4.65
2009-03-11,4.75
2009-03-12,4.55
2009-03-13,4.4
2009-03-16,4.5
2009-03-17,4.65
2009-03-18,4.55
2009-03-19,4.6
2009-03-20,4.7
2009-03-23,4.75
2009-03-24,4.8
2009-03-25,4.7
2009-03-26,4.6
2009-03-27,4.7
2009-03-30,4.4
2009-03-31,4.4
2009-04-01,4.3
2009-04-02,4.5
2009-04-03,4.4
2009-04-06,4.35
2009-04-07,4.3
2009-04-08,4.35
2009-04-09,4.25
2009-04-13,4.3
2009-04-14,4.1
2009-04-15,4.1
2009-04-16,4.1
2009-04-17,4.15
2009-04-20,4.0
2009-04-21,3.9
2009-04-22,4.0
2009-04-23,4.1
2009-04-24,4.1
2009-04-27,4.0
2009-04-28,3.9
2009-04-29,3.8
2009-04-30,3.8
2009-05-04,3.7
2009-05-05,3.7
2009-05-06,3.8
2009-05-07,3.95
2009-05-08,3.9
2009-05-11,3.8
2009-05-12,3.8
2009-05-13,3.9
2009-05-14,3.8
2009-05-15,3.8
2009-05-18,3.9
2009-05-19,4.0
2009-05-20,4.0
2009-05-21,3.9
2009-05-22,3.85
2009-05-25,3.78
2009-05-26,3.65
2009-05-27,3.83
2009-05-28,3.85
2009-05-29,4.08
2009-06-01,4.05
2009-06-02,4.1
2009-06-03,4.15
2009-06-04,4.1
2009-06-05,4.0
2009-06-08,4.0
2009-06-09,3.9
2009-06-10,4.0
2009-06-11,4.1
2009-06-12,3.98
2009-06-15,3.925
2009-06-16,4.225
2009-06-17,4.28
2009-06-18,4.38
2009-06-19,4.28
2009-06-22,4.225
2009-06-23,4.28
2009-06-24,4.38
2009-06-25,4.28
2009-06-26,4.3
2009-06-29,4.25
2009-06-30,4.35
2009-07-01,4.15
2009-07-02,4.25
2009-07-03,4.175
2009-07-06,4.13
2009-07-07,4.2
2009-07-08,4.3
2009-07-09,4.3
2009-07-10,4.2
2009-07-13,4.0
2009-07-14,3.95
2009-07-15,4.08
2009-07-16,4.4
2009-07-17,4.5
2009-07-20,4.58
2009-07-21,4.65
2009-07-22,4.73
2009-07-23,4.77
2009-07-24,4.75
2009-07-27,4.8
2009-07-28,4.75
2009-07-29,4.7
2009-07-30,4.65
2009-07-31,4.6
2009-08-03,4.5
2009-08-04,4.65
2009-08-05,4.75
2009-08-06,4.7
2009-08-07,4.75
2009-08-11,4.95
2009-08-12,4.85
2009-08-13,4.88
2009-08-14,4.83
2009-08-17,5.0
2009-08-18,5.05
2009-08-19,5.15
2009-08-20,5.2
2009-08-21,5.2
2009-08-24,5.23
2009-08-25,5.23
2009-08-26,5.13
2009-08-27,5.275
2009-08-28,5.38
2009-08-31,5.23
2009-09-01,5.38
2009-09-02,5.23
2009-09-03,5.08
2009-09-04,5.08
2009-09-07,5.1
2009-09-08,5.0
2009-09-09,4.95
2009-09-10,5.0
2009-09-11,5.0
2009-09-14,4.95
2009-09-15,5.0
2009-09-16,5.3
2009-09-17,5.33
2009-09-18,5.35
2009-09-22,5.33
2009-09-23,5.28
2009-09-24,5.33
2009-09-25,5.3
2009-09-28,5.33
2009-09-29,5.38
2009-09-30,5.33
2009-10-01,5.23
2009-10-02,5.23
2009-10-05,5.3
2009-10-06,5.35
2009-10-07,5.37
2009-10-08,5.37
2009-10-09,5.37
2009-10-12,5.58
2009-10-13,5.65
2009-10-14,5.7
2009-10-15,5.73
2009-10-16,6.43
2009-10-19,6.4
2009-10-20,6.58
2009-10-21,6.78
2009-10-22,6.73
2009-10-23,6.78
2009-10-26,6.78
2009-10-27,6.93
2009-10-28,6.95
2009-10-29,7.1
2009-10-30,7.03
2009-11-02,7.0
2009-11-03,7.3
2009-11-04,7.5
2009-11-05,7.45
2009-11-06,7.4
2009-11-09,7.33
2009-11-10,7.28
2009-11-11,7.25
2009-11-12,7.25
2009-11-13,7.1
2009-11-16,7.4
2009-11-17,7.45
2009-11-18,7.4
2009-11-19,7.35
2009-11-20,7.3
2009-11-23,7.15
2009-11-24,7.1
2009-11-25,7.05
2009-11-26,7.05
2009-11-30,7.15
2009-12-01,7.05
2009-12-02,7.0
2009-12-03,7.0
2009-12-04,7.05
2009-12-07,7.0
2009-12-08,7.05
2009-12-09,7.0
2009-12-10,7.05
2009-12-11,7.1
2009-12-14,7.15
2009-12-15,7.2
2009-12-16,7.35
2009-12-17,7.3
2009-12-18,7.35
2009-12-21,7.4
2009-12-22,7.5
2009-12-23,7.55
2009-12-24,7.55
2009-12-28,7.3
2009-12-29,7.4
2009-12-30,7.5
2009-12-31,7.53
2010-01-04,7.6
2010-01-05,7.55
2010-01-06,7.45
2010-01-07,7.4
2010-01-08,7.5
2010-01-11,7.45
2010-01-12,7.58
2010-01-13,7.63
2010-01-14,7.68
2010-01-15,7.58
2010-01-18,7.43
2010-01-19,7.5
2010-01-20,7.5
2010-01-21,7.6
2010-01-22,7.55
2010-01-25,7.5
2010-01-26,7.4
2010-01-27,7.45
2010-01-28,7.4
2010-01-29,7.4
2010-02-01,7.35
2010-02-02,7.25
2010-02-03,6.93
2010-02-04,6.95
2010-02-05,6.98
2010-02-08,7.03
2010-02-09,7.0
2010-02-10,7.05
2010-02-11,7.0
2010-02-12,7.1
2010-02-17,6.6
2010-02-18,6.5
2010-02-19,6.5
2010-02-22,6.45
2010-02-23,6.4
2010-02-24,6.45
2010-02-25,6.4
2010-02-26,6.0
2010-03-01,5.95
2010-03-02,6.0
2010-03-03,6.1
2010-03-04,6.2
2010-03-05,6.1
2010-03-08,6.05
2010-03-09,6.0
2010-03-10,5.95
2010-03-11,6.0
2010-03-12,5.9
2010-03-15,5.85
2010-03-16,5.8
2010-03-17,5.9
2010-03-18,5.95
2010-03-19,5.85
2010-03-22,5.83
2010-03-23,5.78
2010-03-24,5.73
2010-03-25,5.68
2010-03-26,5.6
2010-03-29,5.55
2010-03-30,5.3
2010-03-31,5.35
2010-04-01,5.4
2010-04-05,5.3
2010-04-06,5.35
2010-04-07,5.45
2010-04-08,5.4
2010-04-09,5.35
2010-04-12,5.3
2010-04-13,5.33
2010-04-14,5.28
2010-04-15,5.25
2010-04-16,5.43
2010-04-19,5.38
2010-04-20,5.43
2010-04-21,5.58
2010-04-22,5.48
2010-04-23,5.3
2010-04-26,5.35
2010-04-27,5.4
2010-04-28,5.5
2010-04-29,5.45
2010-04-30,5.5
2010-05-03,5.6
2010-05-04,5.55
2010-05-05,5.53
2010-05-06,5.45
2010-05-07,5.55
2010-05-10,5.65
2010-05-11,5.58
2010-05-12,5.63
2010-05-13,5.78
2010-05-14,5.83
2010-05-17,5.88
2010-05-18,5.95
2010-05-19,5.9
2010-05-20,5.85
2010-05-21,5.8
2010-05-24,5.9
2010-05-25,6.0
2010-05-26,6.05
2010-05-27,6.25
2010-05-31,6.35
2010-06-01,6.4
2010-06-02,6.5
2010-06-03,6.45
2010-06-04,6.55
2010-06-07,6.5
2010-06-08,6.85
2010-06-09,6.95
2010-06-10,7.05
2010-06-11,7.1
2010-06-14,7.0
2010-06-15,7.03
2010-06-16,7.2
2010-06-17,7.25
2010-06-18,7.33
2010-06-21,7.68
2010-06-22,7.73
2010-06-23,7.58
2010-06-24,7.78
2010-06-25,7.73
2010-06-28,7.53
2010-06-29,7.6
2010-06-30,7.8
2010-07-01,7.9
2010-07-02,8.0
2010-07-05,8.2
2010-07-06,8.4
2010-07-07,8.3
2010-07-08,8.4
2010-07-09,8.5
2010-07-12,8.625
2010-07-13,8.525
2010-07-14,8.575
2010-07-15,8.475
2010-07-16,8.475
2010-07-19,8.275
2010-07-20,8.375
2010-07-21,8.475
2010-07-22,8.275
2010-07-23,8.225
2010-07-26,8.375
2010-07-27,8.275
2010-07-28,8.125
2010-07-29,8.075
2010-07-30,8.025
2010-08-02,8.0
2010-08-03,8.05
2010-08-04,8.125
2010-08-05,8.075
2010-08-06,7.975
2010-08-10,8.075
2010-08-11,8.1
2010-08-12,8.05
2010-08-13,8.075
2010-08-16,8.125
2010-08-17,8.075
2010-08-18,8.05
2010-08-19,8.1
2010-08-20,8.15
2010-08-23,8.3
2010-08-24,8.35
2010-08-25,8.4
2010-08-26,8.25
2010-08-27,8.15
2010-08-30,8.2
2010-08-31,8.3
2010-09-01,8.35
2010-09-02,8.4
2010-09-03,8.45
2010-09-06,8.5
2010-09-07,8.4
2010-09-08,8.3
2010-09-09,8.4
2010-09-13,8.45
2010-09-14,8.6
2010-09-15,8.95
2010-09-16,9.225
2010-09-17,9.15
2010-09-20,9.25
2010-09-21,9.15
2010-09-22,9.2
2010-09-23,9.25
2010-09-24,9.15
2010-09-27,9.1
2010-09-28,9.05
2010-09-29,9.35
2010-09-30,9.4
2010-10-01,9.3
2010-10-04,9.25
2010-10-05,9.2
2010-10-06,9.25
2010-10-07,9.15
2010-10-08,9.25
2010-10-11,9.35
2010-10-12,9.35
2010-10-13,9.4
2010-10-14,9.45
2010-10-15,9.4
2010-10-18,9.8
2010-10-19,9.7
2010-10-20,9.6
2010-10-21,9.7
2010-10-22,9.55
2010-10-25,9.5
2010-10-26,9.6
2010-10-27,9.55
2010-10-28,9.45
2010-10-29,9.4
2010-11-01,9.45
2010-11-02,9.5
2010-11-03,9.6
2010-11-04,9.65
2010-11-08,9.55
2010-11-09,9.45
2010-11-10,9.35
2010-11-11,9.425
2010-11-12,9.475
2010-11-15,9.675
2010-11-16,9.925
2010-11-18,9.65
2010-11-19,9.75
2010-11-22,9.7
2010-11-23,9.8
2010-11-24,9.75
2010-11-25,9.6
2010-11-26,9.5
2010-11-29,9.55
2010-11-30,9.6
2010-12-01,9.55
2010-12-02,9.425
2010-12-03,9.35
2010-12-06,9.475
2010-12-07,9.525
2010-12-08,9.625
2010-12-09,9.575
2010-12-10,9.825
2010-12-13,9.8
2010-12-14,9.75
2010-12-15,9.7
2010-12-16,9.9
2010-12-17,9.95
2010-12-20,10.1
2010-12-21,10.0
2010-12-22,9.9
2010-12-23,9.8
2010-12-24,9.85
2010-12-28,9.8
2010-12-29,9.85
2010-12-30,9.85
2010-12-31,9.8
2011-01-04,9.7
2011-01-05,9.65
2011-01-06,9.75
2011-01-07,9.825
2011-01-10,9.75
2011-01-11,9.825
2011-01-12,9.825
2011-01-13,9.925
2011-01-14,10.025
2011-01-17,9.975
2011-01-18,10.075
2011-01-19,10.075
2011-01-20,10.125
2011-01-21,10.45
2011-01-24,10.3
2011-01-25,10.4
2011-01-26,10.3
2011-01-27,10.35
2011-01-28,10.3
2011-01-31,10.35
2011-02-01,10.35
2011-02-02,10.4
2011-02-07,10.5
2011-02-08,10.4
2011-02-09,10.15
2011-02-10,10.15
2011-02-11,10.1
2011-02-14,10.125
2011-02-15,10.075
2011-02-16,9.875
2011-02-17,9.95
2011-02-18,10.0
2011-02-21,10.1
2011-02-22,10.1
2011-02-23,10.15
2011-02-24,10.0
2011-02-25,10.025
2011-02-28,9.975
2011-03-01,9.9
2011-03-02,9.9
2011-03-03,9.8
2011-03-04,9.7
2011-03-07,9.6
2011-03-08,9.45
2011-03-09,9.45
2011-03-10,9.4
2011-03-11,9.9
2011-03-14,11.0
2011-03-15,10.95
2011-03-16,11.35
2011-03-17,11.45
2011-03-18,11.35
2011-03-21,11.35
2011-03-22,11.55
2011-03-23,11.6
2011-03-24,11.7
2011-03-25,11.6
2011-03-28,11.5
2011-03-29,11.6
2011-03-30,12.0
2011-03-31,12.05
2011-04-01,12.15
2011-04-04,12.1
2011-04-05,12.025
2011-04-06,12.0
2011-04-07,11.875
2011-04-08,12.1
2011-04-11,12.15
2011-04-12,12.1
2011-04-13,12.0
2011-04-14,11.85
2011-04-15,12.05
2011-04-18,12.35
2011-04-19,12.35
2011-04-20,12.4
2011-04-21,12.4
2011-04-25,12.45
2011-04-26,12.35
2011-04-27,12.3
2011-04-28,12.35
2011-04-29,12.45
2011-05-03,12.35
2011-05-04,12.15
2011-05-05,12.3
2011-05-06,12.2
2011-05-09,12.4
2011-05-10,12.8
2011-05-11,12.85
2011-05-12,12.75
2011-05-13,13.0
2011-05-16,13.075
2011-05-18,13.0
2011-05-19,13.275
2011-05-20,13.425
2011-05-23,13.575
2011-05-24,13.625
2011-05-25,13.525
2011-05-26,13.625
2011-05-27,13.725
2011-05-30,13.675
2011-05-31,13.575
2011-06-01,13.725
2011-06-02,13.875
2011-06-03,13.9
2011-06-06,13.975
2011-06-07,14.0
2011-06-08,13.9
2011-06-09,13.9
2011-06-10,13.7
2011-06-13,13.8
2011-06-14,13.85
2011-06-15,13.75
2011-06-16,13.775
2011-06-17,13.825
2011-06-20,13.925
2011-06-21,13.975
2011-06-22,13.975
2011-06-23,13.925
2011-06-24,13.875
2011-06-27,13.925
2011-06-28,13.825
2011-06-29,13.8
2011-06-30,13.8
2011-07-01,13.825
2011-07-04,13.775
2011-07-05,13.825
2011-07-06,13.775
2011-07-07,13.75
2011-07-08,13.825
2011-07-11,13.9
2011-07-12,13.95
2011-07-13,14.0
2011-07-14,14.0
2011-07-15,14.025
2011-07-18,14.2
2011-07-19,14.25
2011-07-20,14.25
2011-07-21,14.4
2011-07-22,14.4
2011-07-25,14.5
2011-07-26,14.45
2011-07-27,14.65
2011-07-28,14.75
2011-07-29,14.8
2011-08-01,14.875
2011-08-02,14.725
2011-08-03,14.675
2011-08-04,14.65
2011-08-05,14.55
2011-08-08,14.6
2011-08-10,14.7
2011-08-11,14.775
2011-08-12,14.825
2011-08-15,14.95
2011-08-16,15.2
2011-08-17,15.275
2011-08-18,15.375
2011-08-19,15.425
2011-08-22,15.525
2011-08-23,15.675
2011-08-24,15.75
2011-08-25,15.9
2011-08-26,15.85
2011-08-29,15.95
2011-08-31,16.15
2011-09-01,16.0
2011-09-02,15.95
2011-09-05,16.1
2011-09-06,16.2
2011-09-07,16.4
2011-09-08,16.5
2011-09-09,16.525
2011-09-12,16.625
2011-09-13,16.8
2011-09-14,16.8
2011-09-15,16.85
2011-09-16,17.375
2011-09-19,17.45
2011-09-20,17.4
2011-09-21,17.4
2011-09-22,17.45
2011-09-23,17.4
2011-09-26,17.3
2011-09-27,17.45
2011-09-28,17.5
2011-09-29,17.65
2011-09-30,17.55
2011-10-03,17.45
2011-10-04,17.5
2011-10-05,17.5
2011-10-06,17.4
2011-10-07,17.25
2011-10-10,17.0
2011-10-11,16.8
2011-10-12,16.65
2011-10-13,16.4
2011-10-14,16.4
2011-10-17,17.95
2011-10-18,17.85
2011-10-19,17.675
2011-10-20,17.575
2011-10-21,17.6
2011-10-24,17.55
2011-10-25,17.45
2011-10-27,17.25
2011-10-28,17.2
2011-10-31,17.2
2011-11-01,17.3
2011-11-02,17.2
2011-11-03,17.2
2011-11-04,17.3
2011-11-08,17.45
2011-11-09,17.4
2011-11-10,17.35
2011-11-11,17.15
2011-11-14,17.05
2011-11-15,16.95
2011-11-16,17.55
2011-11-17,17.6
2011-11-18,17.6
2011-11-21,17.5
2011-11-22,17.5
2011-11-23,17.475
2011-11-24,17.475
2011-11-25,17.425
2011-11-28,17.525
2011-11-29,17.45
2011-11-30,17.4
2011-12-01,17.275
2011-12-02,17.225
2011-12-05,17.175
2011-12-06,17.05
2011-12-07,17.05
2011-12-08,16.975
2011-12-09,16.975
2011-12-12,16.975
2011-12-13,16.875
2011-12-14,16.825
2011-12-15,16.7
2011-12-16,16.85
2011-12-19,16.75
2011-12-20,16.65
2011-12-21,16.6
2011-12-22,16.55
2011-12-23,16.15
2011-12-27,16.05
2011-12-28,16.05
2011-12-29,16.0
2011-12-30,16.0
2012-01-03,15.95
2012-01-04,15.7
2012-01-05,15.4
2012-01-06,15.5
2012-01-09,15.45
2012-01-10,15.3
2012-01-11,15.25
2012-01-12,15.3
2012-01-13,15.3
2012-01-16,15.2
2012-01-17,15.1
2012-01-18,15.0
2012-01-19,14.95
2012-01-20,14.9
2012-01-25,14.9
2012-01-26,14.825
2012-01-27,14.775
2012-01-30,14.625
2012-01-31,14.575
2012-02-01,14.575
2012-02-02,14.65
2012-02-03,14.6
2012-02-06,14.575
2012-02-07,14.625
2012-02-08,14.675
2012-02-09,14.725
2012-02-10,14.775
2012-02-13,14.775
2012-02-14,14.725
2012-02-15,14.725
2012-02-16,14.675
2012-02-17,14.725
2012-02-20,14.825
2012-02-21,14.875
2012-02-22,14.925
2012-02-23,15.05
2012-02-24,15.05
2012-02-27,15.05
2012-02-28,15.1
2012-02-29,15.15
2012-03-01,15.15
2012-03-02,15.2
2012-03-05,15.3
2012-03-06,15.4
2012-03-07,15.4
2012-03-08,15.4
2012-03-09,15.45
2012-03-12,15.45
2012-03-13,15.5
2012-03-14,15.55
2012-03-15,15.55
2012-03-16,15.75
2012-03-19,15.75
2012-03-20,15.85
2012-03-21,15.85
2012-03-22,15.9
2012-03-23,15.9
2012-03-26,15.8
2012-03-27,15.85
2012-03-28,15.95
2012-03-29,15.95
2012-03-30,16.025
2012-04-02,16.2
2012-04-03,16.15
2012-04-04,15.9
2012-04-05,15.9
2012-04-09,16.0
2012-04-10,16.05
2012-04-11,16.2
2012-04-12,16.35
2012-04-13,16.4
2012-04-16,16.575
2012-04-17,16.625
2012-04-18,16.725
2012-04-19,17.0
2012-04-20,17.0
2012-04-23,17.275
2012-04-24,17.325
2012-04-25,17.25
2012-04-26,17.25
2012-04-27,17.3
2012-04-30,17.3
2012-05-02,17.45
2012-05-03,17.575
2012-05-04,17.775
2012-05-07,17.825
2012-05-08,17.925
2012-05-09,18.0
2012-05-10,18.0
2012-05-11,17.9
2012-05-14,17.9
2012-05-15,17.9
2012-05-16,18.275
2012-05-17,18.425
2012-05-18,18.475
2012-05-21,18.5
2012-05-22,18.5
2012-05-23,18.55
2012-05-24,18.5
2012-05-25,18.5
2012-05-28,18.25
2012-05-29,18.35
2012-05-30,18.275
2012-05-31,18.15
2012-06-01,18.1
2012-06-04,18.0
2012-06-05,18.0
2012-06-06,17.9
2012-06-07,17.75
2012-06-08,17.55
2012-06-11,17.55
2012-06-12,17.525
2012-06-13,17.025
2012-06-14,17.025
2012-06-15,16.825
2012-06-18,16.95
2012-06-19,16.75
2012-06-20,16.2
2012-06-21,15.95
2012-06-22,15.65
2012-06-25,15.65
2012-06-26,15.35
2012-06-27,15.35
2012-06-28,15.25
2012-06-29,14.95
2012-07-02,14.9
2012-07-03,14.7
2012-07-04,14.55
2012-07-05,14.5
2012-07-06,14.3
2012-07-09,14.15
2012-07-10,14.15
2012-07-11,13.8
2012-07-12,13.75
2012-07-13,13.65
2012-07-16,14.1
2012-07-17,14.0
2012-07-18,14.05
2012-07-19,14.05
2012-07-20,14.075
2012-07-23,13.9
2012-07-24,13.85
2012-07-25,13.8
2012-07-26,13.55
2012-07-27,13.55
2012-07-30,13.525
2012-07-31,13.55
2012-08-01,13.55
2012-08-02,13.35
2012-08-03,13.05
2012-08-06,13.1
2012-08-07,13.15
2012-08-08,13.15
2012-08-10,13.05
2012-08-13,13.0
2012-08-14,13.0
2012-08-15,13.0
2012-08-16,13.4
2012-08-17,13.3
2012-08-21,13.4
2012-08-22,13.35
2012-08-23,13.375
2012-08-24,13.275
2012-08-27,13.225
2012-08-28,13.075
2012-08-29,13.0
2012-08-30,13.0
2012-08-31,13.1
2012-09-03,12.95
2012-09-04,12.95
2012-09-05,12.9
2012-09-06,12.8
2012-09-07,12.7
2012-09-10,12.55
2012-09-11,12.55
2012-09-12,12.5
2012-09-13,12.5
2012-09-14,12.5
2012-09-17,13.325
2012-09-18,13.25
2012-09-19,13.3
2012-09-20,13.25
2012-09-21,13.1
2012-09-24,13.1
2012-09-25,13.1
2012-09-26,13.05
2012-09-27,13.0
2012-09-28,13.0
2012-10-01,12.975
2012-10-02,12.925
2012-10-03,12.925
2012-10-04,12.925
2012-10-05,12.775
2012-10-08,12.825
2012-10-09,12.825
2012-10-10,12.825
2012-10-11,12.875
2012-10-12,12.875
2012-10-15,12.875
2012-10-16,13.375
2012-10-17,13.5
2012-10-18,13.5
2012-10-19,13.45
2012-10-22,13.45
2012-10-23,13.475
2012-10-24,13.475
2012-10-25,13.45
2012-10-29,13.35
2012-10-30,13.35
2012-10-31,13.3
2012-11-01,13.325
2012-11-02,13.45
2012-11-05,13.55
2012-11-06,13.6
2012-11-07,13.6
2012-11-08,13.6
2012-11-09,13.7
2012-11-12,13.8
2012-11-14,13.85
2012-11-15,13.95
2012-11-16,14.6
2012-11-19,14.7
2012-11-20,14.75
2012-11-21,14.75
2012-11-22,14.95
2012-11-23,15.1
2012-11-26,15.1
2012-11-27,15.25
2012-11-28,15.35
2012-11-29,15.55
2012-11-30,15.85
2012-12-03,15.95
2012-12-04,16.15
2012-12-05,16.2
2012-12-06,16.25
2012-12-07,16.3
2012-12-10,16.25
2012-12-11,16.25
2012-12-12,16.35
2012-12-13,16.35
2012-12-14,16.225
2012-12-17,16.8
2012-12-18,16.85
2012-12-19,16.95
2012-12-20,17.05
2012-12-21,17.1
2012-12-24,17.1
2012-12-26,17.2
2012-12-27,17.2
2012-12-28,17.2
2012-12-31,17.15
2013-01-02,17.25
2013-01-03,17.25
2013-01-04,17.4
2013-01-07,17.45
2013-01-08,17.55
2013-01-09,17.75
2013-01-10,17.8
2013-01-11,17.8
2013-01-14,17.9
2013-01-15,18.2
2013-01-16,18.175
2013-01-17,18.375
2013-01-18,18.575
2013-01-21,18.575
2013-01-22,18.675
2013-01-23,18.675
2013-01-24,18.775
2013-01-25,18.9
2013-01-28,19.1
2013-01-29,19.1
2013-01-30,19.2
2013-01-31,19.3
2013-02-01,19.45
2013-02-04,19.5
2013-02-05,19.5
2013-02-06,19.55
2013-02-07,19.6
2013-02-08,19.6
2013-02-13,19.65
2013-02-14,19.8
2013-02-15,19.85
2013-02-18,18.625
2013-02-19,18.625
2013-02-20,18.65
2013-02-21,18.5
2013-02-22,18.3
2013-02-25,18.2
2013-02-26,18.15
2013-02-27,18.1
2013-02-28,18.05
2013-03-01,17.875
2013-03-04,17.75
2013-03-05,17.7
2013-03-06,17.25
2013-03-07,17.2
2013-03-08,16.95
2013-03-11,16.8
2013-03-12,16.75
2013-03-13,16.65
2013-03-14,16.4
2013-03-15,16.2
2013-03-18,15.95
2013-03-19,15.95
2013-03-20,15.8
2013-03-21,15.675
2013-03-22,15.675
2013-03-25,15.675
2013-03-26,15.625
2013-03-27,15.625
2013-03-28,15.5
2013-04-01,15.5
2013-04-02,15.5
2013-04-03,15.4
2013-04-04,15.4
2013-04-05,15.3
2013-04-08,15.2
2013-04-09,15.2
2013-04-10,15.2
2013-04-11,15.1
2013-04-12,15.05
2013-04-15,14.95
2013-04-16,15.0
2013-04-17,14.95
2013-04-18,14.85
2013-04-19,14.85
2013-04-22,14.8
2013-04-23,14.775
2013-04-24,14.725
2013-04-25,14.725
2013-04-26,14.725
2013-04-29,14.725
2013-04-30,14.6
2013-05-02,14.45
2013-05-03,14.35
2013-05-06,14.35
2013-05-07,14.35
2013-05-08,14.35
2013-05-09,14.35
2013-05-10,14.35
2013-05-13,14.25
2013-05-14,14.2
2013-05-15,14.15
2013-05-16,14.5
2013-05-17,14.5
2013-05-20,14.45
2013-05-21,14.45
2013-05-22,14.4
2013-05-23,14.4
2013-05-27,14.35
2013-05-28,14.35
2013-05-29,14.45
2013-05-30,14.45
2013-05-31,14.45
2013-06-03,14.4
2013-06-04,14.45
2013-06-05,14.5
2013-06-06,14.5
2013-06-07,14.55
2013-06-10,14.575
2013-06-11,14.575
2013-06-12,14.575
2013-06-13,14.625
2013-06-14,14.675
2013-06-17,14.925
2013-06-18,14.925
2013-06-19,14.975
2013-06-20,15.05
2013-06-21,15.05
2013-06-24,15.2
2013-06-25,15.2
2013-06-26,15.35
2013-06-27,15.4
2013-06-28,15.4
2013-07-01,15.45
2013-07-02,15.55
2013-07-03,15.625
2013-07-04,15.625
2013-07-05,15.675
2013-07-08,15.675
2013-07-09,15.725
2013-07-10,15.775
2013-07-11,15.9
2013-07-12,16.075
2013-07-15,16.2
2013-07-16,16.2
2013-07-17,16.2
2013-07-18,16.2
2013-07-19,16.2
2013-07-22,16.2
2013-07-23,16.25
2013-07-24,16.25
2013-07-25,16.25
2013-07-26,16.25
2013-07-29,16.2
2013-07-30,16.175
2013-07-31,16.125
2013-08-01,16.1
2013-08-02,16.1
2013-08-05,15.9
2013-08-06,15.75
2013-08-07,15.75
2013-08-12,15.65
2013-08-13,15.55
2013-08-14,15.45
2013-08-15,15.35
2013-08-16,15.475
2013-08-19,15.475
2013-08-20,15.425
2013-08-21,15.35
2013-08-22,15.35
2013-08-23,15.35
2013-08-26,15.35
2013-08-27,15.25
2013-08-28,15.2
2013-08-29,15.2
2013-08-30,15.2
2013-09-02,15.15
2013-09-03,15.15
2013-09-04,15.125
2013-09-05,15.125
2013-09-06,15.125
2013-09-09,15.125
2013-09-10,15.125
2013-09-11,15.125
2013-09-12,15.125
2013-09-13,15.125
2013-09-16,15.75
2013-09-17,15.75
2013-09-18,15.75
2013-09-19,15.75
2013-09-20,15.75
2013-09-23,15.75
2013-09-24,15.75
2013-09-25,15.75
2013-09-26,15.75
2013-09-27,15.75
2013-09-30,15.75
2013-10-01,15.75
2013-10-02,15.8
2013-10-03,15.875
2013-10-04,15.85
2013-10-07,15.9
2013-10-08,15.9
2013-10-09,15.975
2013-10-10,16.15
2013-10-11,16.35
2013-10-14,16.35
2013-10-16,16.975
2013-10-17,17.0
2013-10-18,17.0
2013-10-21,17.1
2013-10-22,17.2
2013-10-23,17.25
2013-10-24,17.4
2013-10-25,17.45
2013-10-28,17.45
2013-10-29,17.55
2013-10-30,17.6
2013-10-31,17.6
2013-11-01,17.725
2013-11-04,17.75
2013-11-05,17.75
2013-11-06,17.9
2013-11-07,18.05
2013-11-08,18.15
2013-11-11,18.35
2013-11-12,18.35
2013-11-13,18.35
2013-11-14,18.45
2013-11-15,18.45
2013-11-18,18.775
2013-11-19,18.775
2013-11-20,18.825
2013-11-21,18.85
2013-11-22,18.85
2013-11-25,18.85
2013-11-26,18.9
2013-11-27,18.95
2013-11-28,18.95
2013-11-29,19.05
2013-12-02,19.1
2013-12-03,19.1
2013-12-04,19.1
2013-12-05,19.075
2013-12-06,19.075
2013-12-09,19.075
2013-12-10,19.05
2013-12-11,19.0
2013-12-12,18.95
2013-12-13,18.85
2013-12-16,18.925
2013-12-17,18.775
2013-12-18,18.75
2013-12-19,18.7
2013-12-20,18.7
2013-12-23,18.65
2013-12-24,18.6
2013-12-26,18.6
2013-12-27,18.6
2013-12-30,18.6
2013-12-31,18.6
2014-01-02,18.6
2014-01-03,18.6
2014-01-06,18.65
2014-01-07,18.725
2014-01-08,18.9
2014-01-09,19.2
2014-01-10,19.25
2014-01-13,19.2
2014-01-14,19.2
2014-01-15,19.15
2014-01-16,18.575
2014-01-17,18.6
2014-01-20,18.625
2014-01-21,18.675
2014-01-22,18.725
2014-01-23,18.9
2014-01-24,19.2
2014-01-27,19.35
2014-01-28,19.4
2014-01-29,19.5
2014-01-30,19.5
2014-02-03,19.65
2014-02-04,19.675
2014-02-05,19.675
2014-02-06,19.775
2014-02-07,19.825
2014-02-10,19.825
2014-02-11,19.95
2014-02-12,20.05
2014-02-13,20.125
2014-02-14,20.2
2014-02-17,19.45
2014-02-18,19.45
2014-02-19,19.5
2014-02-20,19.5
2014-02-21,19.475
2014-02-24,18.725
2014-02-25,18.6
2014-02-26,18.475
2014-02-27,18.35
2014-02-28,18.275
2014-03-03,18.1
2014-03-04,18.0
2014-03-05,17.9
2014-03-06,17.55
2014-03-07,17.15
2014-03-10,17.1
2014-03-11,16.95
2014-03-12,16.85
2014-03-13,16.55
2014-03-14,16.3
2014-03-17,16.05
2014-03-18,16.0
2014-03-19,16.0
2014-03-20,16.0
2014-03-21,15.9
2014-03-24,15.9
2014-03-25,15.9
2014-03-26,15.9
2014-03-27,15.9
2014-03-28,15.85
2014-03-31,15.75
2014-04-01,15.6
2014-04-02,15.4
2014-04-03,15.4
2014-04-04,15.4
2014-04-07,15.35
2014-04-08,15.25
2014-04-09,15.1
2014-04-10,15.0
2014-04-11,14.95
2014-04-14,14.9
2014-04-15,14.8
2014-04-16,14.875
2014-04-17,14.85
2014-04-21,14.85
2014-04-22,14.8
2014-04-23,14.8
2014-04-24,14.7
2014-04-25,14.625
2014-04-28,14.5
2014-04-29,14.35
2014-04-30,14.25
2014-05-02,14.25
2014-05-05,14.2
2014-05-06,14.05
2014-05-07,14.0
2014-05-08,14.0
2014-05-09,13.95
2014-05-12,13.7
2014-05-14,13.625
2014-05-15,13.625
2014-05-16,13.625
2014-05-19,13.625
2014-05-20,13.625
2014-05-21,13.475
2014-05-22,13.375
2014-05-23,13.275
2014-05-26,13.225
2014-05-27,13.225
2014-05-28,13.175
2014-05-29,13.075
2014-05-30,13.025
2014-06-02,13.025
2014-06-03,12.975
2014-06-04,12.975
2014-06-05,12.875
2014-06-06,12.625
2014-06-09,12.325
2014-06-10,12.175
2014-06-11,12.175
2014-06-12,12.075
2014-06-13,12.025
2014-06-16,12.075
2014-06-17,11.975
2014-06-18,11.925
2014-06-19,11.925
2014-06-20,11.925
2014-06-23,11.875
2014-06-24,11.775
2014-06-25,11.675
2014-06-26,11.675
2014-06-27,11.575
2014-06-30,11.275
2014-07-01,11.275
2014-07-02,11.275
2014-07-03,11.125
2014-07-04,11.125
2014-07-07,11.025
2014-07-08,10.925
2014-07-09,10.75
2014-07-10,10.75
2014-07-11,10.7
2014-07-14,10.7
2014-07-15,10.7
2014-07-16,10.775
2014-07-17,10.725
2014-07-18,10.725
2014-07-21,10.725
2014-07-22,10.675
2014-07-23,10.675
2014-07-24,10.675
2014-07-25,10.675
2014-07-29,10.625
2014-07-30,10.625
2014-07-31,10.625
2014-08-01,10.575
2014-08-04,10.525
2014-08-05,10.525
2014-08-06,10.525
2014-08-07,10.525
2014-08-08,10.625
2014-08-11,10.825
2014-08-12,10.925
2014-08-13,10.925
2014-08-14,10.925
2014-08-15,11.025
2014-08-18,12.0
2014-08-19,12.025
2014-08-20,12.025
2014-08-21,12.025
2014-08-22,12.025
2014-08-25,12.25
2014-08-26,12.4
2014-08-27,12.4
2014-08-28,12.45
2014-08-29,12.45
2014-09-01,12.7
2014-09-02,13.15
2014-09-03,13.25
2014-09-04,13.25
2014-09-05,13.35
2014-09-08,13.35
2014-09-09,13.45
2014-09-10,13.7
2014-09-11,13.7
2014-09-12,13.7
2014-09-15,13.7
2014-09-16,14.5
2014-09-17,14.6
2014-09-18,14.6
2014-09-19,14.6
2014-09-22,14.6
2014-09-23,14.6
2014-09-24,14.6
2014-09-25,14.6
2014-09-26,14.525
2014-09-29,14.4
2014-09-30,14.4
2014-10-01,14.4
2014-10-02,14.35
2014-10-03,14.35
2014-10-07,14.35
2014-10-08,14.35
2014-10-09,14.4
2014-10-10,14.3
2014-10-13,14.2
2014-10-14,14.15
2014-10-15,14.0
2014-10-16,14.925
2014-10-17,14.325
2014-10-20,14.175
2014-10-21,13.85
2014-10-23,13.5
2014-10-24,13.5
2014-10-27,13.2
2014-10-28,13.075
2014-10-29,12.925
2014-10-30,12.825
2014-10-31,12.55
2014-11-03,12.45
2014-11-04,11.95
2014-11-05,11.65
2014-11-06,11.5
2014-11-07,11.3
2014-11-10,11.2
2014-11-11,11.1
2014-11-12,11.0
2014-11-13,10.8
2014-11-14,10.5
2014-11-17,10.65
2014-11-18,10.45
2014-11-19,10.4
2014-11-20,10.2
2014-11-21,10.1
2014-11-24,10.025
2014-11-25,10.025
2014-11-26,10.025
2014-11-27,10.025
2014-11-28,10.0
2014-12-01,9.9
2014-12-02,9.9
2014-12-03,9.9
2014-12-04,9.9
2014-12-05,9.95
2014-12-08,9.95
2014-12-09,9.95
2014-12-10,9.95
2014-12-11,10.0
2014-12-12,10.0
2014-12-15,10.0
2014-12-16,10.175
2014-12-17,10.175
2014-12-18,10.125
2014-12-19,10.075
2014-12-22,10.075
2014-12-23,10.075
2014-12-24,10.075
2014-12-29,10.025
2014-12-30,10.025
2014-12-31,10.025
2015-01-02,10.025
2015-01-05,9.925
2015-01-06,9.875
2015-01-07,9.875
2015-01-08,9.825
2015-01-09,9.825
2015-01-12,9.725
2015-01-13,9.725
2015-01-14,9.375
2015-01-15,9.2
2015-01-16,9.0
2015-01-19,9.0
2015-01-20,8.55
2015-01-21,8.25
2015-01-22,8.0
2015-01-23,7.75
2015-01-26,7.75
2015-01-27,7.5
2015-01-28,7.45
2015-01-29,7.2
2015-01-30,7.1
2015-02-02,7.0
2015-02-03,7.0
2015-02-04,6.9
2015-02-05,6.8
2015-02-06,6.8
2015-02-09,6.8
2015-02-10,6.8
2015-02-11,6.8
2015-02-12,6.8
2015-02-13,6.9
2015-02-16,6.725
2015-02-17,6.725
2015-02-18,6.725
2015-02-23,6.925
2015-02-24,6.925
2015-02-25,7.05
2015-02-26,7.15
2015-02-27,7.4
2015-03-02,7.4
2015-03-03,7.4
2015-03-04,7.4
2015-03-05,7.4
2015-03-06,7.4
2015-03-09,7.6
2015-03-10,7.7
2015-03-11,7.7
2015-03-12,7.7
2015-03-13,7.7
2015-03-16,7.625
2015-03-17,7.725
2015-03-18,7.725
2015-03-19,7.725
2015-03-20,7.725
2015-03-23,7.575
2015-03-24,7.575
2015-03-25,7.475
2015-03-26,7.475
2015-03-27,7.475
2015-03-30,7.475
2015-03-31,7.425
2015-04-01,7.425
2015-04-02,7.275
2015-04-06,7.275
2015-04-07,7.125
2015-04-08,7.125
2015-04-09,7.075
2015-04-10,7.075
2015-04-13,7.025
2015-04-14,6.975
2015-04-15,6.975
2015-04-16,6.875
2015-04-17,6.875
2015-04-20,6.875
2015-04-21,6.975
2015-04-22,7.0
2015-04-23,7.0
2015-04-24,7.15
2015-04-27,7.15
2015-04-28,7.175
2015-04-29,7.175
2015-04-30,7.175
2015-05-04,7.175
2015-05-05,7.025
2015-05-06,7.025
2015-05-07,7.025
2015-05-08,7.125
2015-05-11,7.325
2015-05-12,7.325
2015-05-13,7.325
2015-05-14,7.325
2015-05-15,7.425
2015-05-18,7.75
2015-05-19,7.75
2015-05-20,7.75
2015-05-21,7.75
2015-05-22,7.75
2015-05-25,7.75
2015-05-26,7.75
2015-05-27,7.75
2015-05-28,7.75
2015-05-29,7.7
2015-06-02,7.7
2015-06-03,7.6
2015-06-04,7.55
2015-06-05,7.525
2015-06-08,7.525
2015-06-09,7.5
2015-06-10,7.5
2015-06-11,7.35
2015-06-12,7.3
2015-06-15,7.3
2015-06-16,7.2
2015-06-17,7.2
2015-06-18,7.2
2015-06-19,7.2
2015-06-22,7.2
2015-06-23,7.25
2015-06-24,7.25
2015-06-25,7.25
2015-06-26,7.25
2015-06-29,7.25
2015-06-30,7.3
2015-07-01,7.3
2015-07-02,7.3
2015-07-03,7.45
2015-07-06,7.6
2015-07-07,7.6
2015-07-08,7.6
2015-07-09,7.6
2015-07-10,7.6
2015-07-13,7.7
2015-07-14,7.7
2015-07-15,7.7
2015-07-16,7.825
2015-07-20,7.825
2015-07-21,7.825
2015-07-22,7.825
2015-07-23,7.825
2015-07-24,7.9
2015-07-27,8.0
2015-07-28,8.0
2015-07-29,8.1
2015-07-30,8.15
2015-07-31,8.2
2015-08-03,8.2
2015-08-04,8.2
2015-08-05,8.1
2015-08-06,8.1
2015-08-11,8.05
2015-08-12,8.0
2015-08-13,8.0
2015-08-14,8.0
2015-08-17,7.95
2015-08-18,7.85
2015-08-19,7.85
2015-08-20,7.8
2015-08-21,7.7
2015-08-24,7.7
2015-08-25,7.65
2015-08-26,7.65
2015-08-27,7.65
2015-08-28,7.6
2015-08-31,7.6
2015-09-01,7.6
2015-09-02,7.55
2015-09-03,7.5
2015-09-04,7.4
2015-09-07,7.3
2015-09-08,7.3
2015-09-09,7.3
2015-09-10,7.3
2015-09-14,7.05
2015-09-15,7.0
2015-09-16,7.0
2015-09-17,7.0
2015-09-18,6.95
2015-09-21,6.85
2015-09-22,6.85
2015-09-23,6.8
2015-09-25,6.8
2015-09-28,6.8
2015-09-29,6.7
2015-09-30,6.6
2015-10-01,6.6
2015-10-02,6.5
2015-10-05,6.5
2015-10-06,6.5
2015-10-07,6.5
2015-10-08,6.6
2015-10-09,6.6
2015-10-12,6.6
2015-10-13,6.6
2015-10-14,6.65
2015-10-15,6.7
2015-10-16,6.8
2015-10-19,6.85
2015-10-20,7.05
2015-10-21,7.05
2015-10-22,7.05
2015-10-23,7.1
2015-10-26,7.15
2015-10-27,7.15
2015-10-28,7.15
2015-10-29,7.15
2015-10-30,7.2
2015-11-02,7.2
2015-11-03,7.5
2015-11-04,7.5
2015-11-05,7.5
2015-11-06,7.6
2015-11-09,7.65
2015-11-11,7.65
2015-11-12,7.65
2015-11-13,7.65
2015-11-16,7.575
2015-11-17,7.575
2015-11-18,7.575
2015-11-19,7.525
2015-11-20,7.475
2015-11-23,7.475
2015-11-24,7.375
2015-11-25,7.275
2015-11-26,7.225
2015-11-27,7.175
2015-11-30,7.175
2015-12-01,7.3
2015-12-02,7.3
2015-12-03,7.4
2015-12-04,7.4
2015-12-07,7.4
2015-12-08,7.4
2015-12-09,7.4
2015-12-10,7.4
2015-12-11,7.4
2015-12-14,7.4
2015-12-15,7.5
2015-12-16,7.2
2015-12-17,7.2
2015-12-18,7.2
2015-12-21,7.1
2015-12-22,7.0
2015-12-23,7.0
2015-12-24,6.9
2015-12-28,6.85
2015-12-29,6.75
2015-12-30,6.75
2015-12-31,6.75
2016-01-04,6.75
2016-01-05,6.675
2016-01-06,6.625
2016-01-07,6.5
2016-01-08,6.5
2016-01-11,6.5
2016-01-12,6.4
2016-01-13,6.3
2016-01-14,6.125
2016-01-15,5.975
2016-01-18,5.675
2016-01-19,5.475
2016-01-20,5.275
2016-01-21,5.075
2016-01-22,5.05
2016-01-25,5.05
2016-01-26,5.05
2016-01-27,4.95
2016-01-28,4.95
2016-01-29,4.95
2016-02-01,5.05
2016-02-02,5.35
2016-02-03,5.55
2016-02-04,5.8
2016-02-05,5.8
2016-02-10,5.8
2016-02-11,5.8
2016-02-12,5.5
2016-02-15,5.3
2016-02-16,4.7
2016-02-17,4.7
2016-02-18,4.65
2016-02-19,4.65
2016-02-22,4.55
2016-02-23,4.5
2016-02-24,4.4
2016-02-25,4.4
2016-02-26,4.35
2016-02-29,4.35
2016-03-01,4.3
2016-03-02,4.3
2016-03-03,4.3
2016-03-04,4.25
2016-03-07,4.25
2016-03-08,4.3
2016-03-09,4.4
2016-03-10,4.5
2016-03-11,4.6
2016-03-14,4.6
2016-03-15,4.6
2016-03-16,4.4
2016-03-17,4.4
2016-03-18,4.4
2016-03-21,4.3
2016-03-22,4.3
2016-03-23,4.3
2016-03-24,4.3
2016-03-28,4.3
2016-03-29,4.3
2016-03-30,4.3
2016-03-31,4.25
2016-04-01,4.25
2016-04-04,4.2
2016-04-05,4.2
2016-04-06,4.175
2016-04-07,4.175
2016-04-08,4.125
2016-04-11,4.125
2016-04-12,4.125
2016-04-13,4.125
2016-04-14,4.125
2016-04-15,4.125
2016-04-18,4.0
2016-04-19,4.0
2016-04-20,4.05
2016-04-21,4.35
2016-04-22,4.35
2016-04-25,4.5
2016-04-26,4.6
2016-04-27,4.7
2016-04-28,4.75
2016-04-29,4.75
2016-05-03,4.65
2016-05-04,4.6
2016-05-05,4.6
2016-05-06,4.5
2016-05-09,4.45
2016-05-10,4.45
2016-05-11,4.45
2016-05-12,4.5
2016-05-13,4.5
2016-05-16,4.475
2016-05-17,4.475
2016-05-18,4.625
2016-05-19,4.625
2016-05-20,4.625
2016-05-23,4.625
2016-05-24,4.625
2016-05-25,4.625
2016-05-26,4.7
2016-05-27,4.7
2016-05-30,4.75
2016-05-31,4.75
2016-06-01,4.75
2016-06-02,4.9
2016-06-03,4.9
2016-06-06,4.95
2016-06-07,5.05
2016-06-08,5.05
2016-06-09,5.05
2016-06-10,5.15
2016-06-13,5.25
2016-06-14,5.25
2016-06-15,5.25
2016-06-16,5.05
2016-06-17,5.05
2016-06-20,5.1
2016-06-21,5.3
2016-06-22,5.3
2016-06-23,5.35
2016-06-24,5.35
2016-06-27,5.25
2016-06-28,5.25
2016-06-29,5.25
2016-06-30,5.225
2016-07-01,5.225
2016-07-04,5.175
2016-07-05,5.15
2016-07-07,5.15
2016-07-08,5.25
2016-07-11,5.35
2016-07-12,5.4
2016-07-13,5.45
2016-07-14,5.55
2016-07-15,5.55
2016-07-18,5.65
2016-07-19,5.75
2016-07-20,5.8
2016-07-21,5.9
2016-07-22,6.0
2016-07-25,6.05
2016-07-26,6.05
2016-07-27,6.05
2016-07-28,6.05
2016-07-29,6.05
2016-08-01,6.05
2016-08-02,5.9
2016-08-03,5.7
2016-08-04,5.7
2016-08-05,5.7
2016-08-08,5.6
2016-08-10,5.525
2016-08-11,5.525
2016-08-12,5.525
2016-08-15,5.525
2016-08-16,5.45
2016-08-17,5.5
2016-08-18,5.5
2016-08-19,5.65
2016-08-22,5.65
2016-08-23,5.55
2016-08-24,5.55
2016-08-25,5.55
2016-08-26,5.5
2016-08-29,5.4
2016-08-30,5.4
2016-08-31,5.35
2016-09-01,5.35
2016-09-02,5.35
2016-09-05,5.35
2016-09-06,5.35
2016-09-07,5.35
2016-09-08,5.55
2016-09-09,5.55
2016-09-13,5.55
2016-09-14,5.45
2016-09-15,5.45
2016-09-16,5.625
2016-09-19,5.625
2016-09-20,5.625
2016-09-21,5.7
2016-09-22,5.7
2016-09-23,5.75
2016-09-26,5.8
2016-09-27,5.8
2016-09-28,5.9
2016-09-29,5.925
2016-09-30,6.075
2016-10-03,6.125
2016-10-04,6.175
2016-10-05,6.175
2016-10-06,6.175
2016-10-07,6.225
2016-10-10,6.225
2016-10-11,6.225
2016-10-12,6.225
2016-10-13,6.225
2016-10-14,6.225
2016-10-17,6.625
2016-10-18,6.675
2016-10-19,6.675
2016-10-20,6.725
2016-10-21,6.825
2016-10-24,6.825
2016-10-25,6.875
2016-10-26,6.875
2016-10-27,6.975
2016-10-28,7.075
2016-10-31,7.075
2016-11-01,7.075
2016-11-02,7.125
2016-11-03,7.125
2016-11-04,7.175
2016-11-07,7.275
2016-11-08,7.325
2016-11-09,7.375
2016-11-10,7.325
2016-11-11,7.325
2016-11-14,7.175
2016-11-15,7.125
2016-11-16,7.3
2016-11-17,7.15
2016-11-18,7.15
2016-11-21,7.15
2016-11-22,7.15
2016-11-23,7.1
2016-11-24,7.05
2016-11-25,7.05
2016-11-28,7.05
2016-11-29,7.15
2016-11-30,7.25
2016-12-01,7.7
2016-12-02,7.7
2016-12-05,7.95
2016-12-06,8.3
2016-12-07,8.3
2016-12-08,8.75
2016-12-09,9.0
2016-12-12,9.25
2016-12-13,9.1
2016-12-14,9.1
2016-12-15,9.1
2016-12-16,9.2
2016-12-19,9.2
2016-12-20,9.25
2016-12-21,9.175
2016-12-22,9.2
2016-12-23,9.25
2016-12-27,9.4
2016-12-28,9.4
2016-12-29,9.55
2016-12-30,9.75
2017-01-03,9.75
2017-01-04,9.75
2017-01-05,9.75
2017-01-06,9.7
2017-01-09,9.7
2017-01-10,9.7
2017-01-11,9.55
2017-01-12,9.55
2017-01-13,9.45
2017-01-16,8.3
2017-01-17,8.125
2017-01-18,8.025
2017-01-19,7.925
2017-01-20,7.925
2017-01-23,7.925
2017-01-24,7.925
2017-01-25,7.825
2017-01-26,7.85
2017-01-27,7.75
2017-01-31,7.75
2017-02-01,7.6
2017-02-02,7.5
2017-02-03,7.5
2017-02-06,7.5
2017-02-07,7.45
2017-02-08,7.375
2017-02-09,7.375
2017-02-10,7.225
2017-02-13,7.175
2017-02-14,7.175
2017-02-15,7.1
2017-02-16,6.45
2017-02-17,6.35
2017-02-20,6.35
2017-02-21,6.25
2017-02-22,6.25
2017-02-23,6.175
2017-02-24,6.175
2017-02-27,6.175
2017-02-28,6.1
2017-03-01,6.0
2017-03-02,5.95
2017-03-03,5.95
2017-03-06,5.95
2017-03-07,6.0
2017-03-08,6.05
2017-03-09,5.95
2017-03-10,5.9
2017-03-13,5.9
2017-03-14,5.9
2017-03-15,5.75
2017-03-16,5.55
2017-03-17,5.55
2017-03-20,5.5
2017-03-21,5.45
2017-03-22,5.4
2017-03-23,5.35
2017-03-24,5.35
2017-03-27,5.35
2017-03-28,5.45
2017-03-29,5.525
2017-03-30,5.525
2017-03-31,5.45
2017-04-03,5.45
2017-04-04,5.45
2017-04-05,5.45
2017-04-06,5.45
2017-04-07,5.4
2017-04-10,5.4
2017-04-11,5.425
2017-04-12,5.525
2017-04-13,5.525
2017-04-17,5.5
2017-04-18,5.5
2017-04-19,5.5
2017-04-20,5.55
2017-04-21,5.7
2017-04-24,5.7
2017-04-25,5.7
2017-04-26,5.75
2017-04-27,5.75
2017-04-28,5.75
2017-05-02,5.75
2017-05-03,5.8
2017-05-04,5.75
2017-05-05,5.7
2017-05-08,5.7
2017-05-09,5.65
2017-05-11,5.65
2017-05-12,5.55
2017-05-15,5.55
2017-05-16,5.575
2017-05-17,5.6
2017-05-18,5.6
2017-05-19,5.6
2017-05-22,5.6
2017-05-23,5.6
2017-05-24,5.55
2017-05-25,5.5
2017-05-26,5.45
2017-05-29,5.4
2017-05-30,5.4
2017-05-31,5.4
2017-06-01,5.375
2017-06-02,5.375
2017-06-05,5.375
2017-06-06,5.475
2017-06-07,5.475
2017-06-08,5.425
2017-06-09,5.425
2017-06-12,5.45
2017-06-13,5.45
2017-06-14,5.45
2017-06-15,5.525
2017-06-16,5.45
2017-06-19,5.45
2017-06-20,5.5
2017-06-21,5.5
2017-06-22,5.5
2017-06-23,5.5
2017-06-27,5.5
2017-06-28,5.5
2017-06-29,5.5
2017-06-30,5.45
2017-07-03,5.45
2017-07-04,5.4
2017-07-05,5.4
2017-07-06,5.4
2017-07-07,5.4
2017-07-10,5.4
2017-07-11,5.4
2017-07-12,5.4
2017-07-13,5.4
2017-07-14,5.4
2017-07-17,5.575
2017-07-18,5.575
2017-07-19,5.575
2017-07-20,5.6
2017-07-21,5.6
2017-07-24,5.625
2017-07-25,5.625
2017-07-26,5.675
2017-07-27,5.775
2017-07-28,5.825
2017-07-31,5.875
2017-08-01,5.875
2017-08-02,5.9
2017-08-03,5.95
2017-08-04,6.0
2017-08-07,6.1
2017-08-08,6.15
2017-08-10,6.2
2017-08-11,6.25
2017-08-14,6.25
2017-08-15,6.25
2017-08-16,6.275
2017-08-17,6.25
2017-08-18,6.25
2017-08-21,6.15
2017-08-22,6.125
2017-08-23,6.125
2017-08-24,6.075
2017-08-25,6.075
2017-08-28,6.075
2017-08-29,6.1
2017-08-30,6.2
2017-08-31,6.15
2017-09-04,6.2
2017-09-05,6.2
2017-09-06,6.25
2017-09-07,6.275
2017-09-08,6.425
2017-09-11,6.55
2017-09-12,6.55
2017-09-13,6.75
2017-09-14,6.85
2017-09-15,7.05
2017-09-18,7.65
2017-09-19,7.65
2017-09-20,7.7
2017-09-21,7.7
2017-09-22,7.8
2017-09-25,7.85
2017-09-26,8.15
2017-09-27,8.15
2017-09-28,8.2
2017-09-29,8.4
2017-10-02,8.5
2017-10-03,8.5
2017-10-04,8.5
2017-10-05,8.55
2017-10-06,8.6
2017-10-09,8.7
2017-10-10,8.7
2017-10-11,8.7
2017-10-12,8.7
2017-10-13,8.7
2017-10-16,8.95
2017-10-17,8.95
2017-10-19,8.9
2017-10-20,8.85
2017-10-23,8.8
2017-10-24,8.8
2017-10-25,8.75
2017-10-26,8.85
2017-10-27,9.075
2017-10-30,9.075
2017-10-31,9.125
2017-11-01,9.125
2017-11-02,9.35
2017-11-03,9.35
2017-11-06,9.35
2017-11-07,9.35
2017-11-08,9.375
2017-11-09,9.375
2017-11-10,9.65
2017-11-13,9.7
2017-11-14,9.7
2017-11-15,9.575
2017-11-16,9.675
2017-11-17,9.675
2017-11-20,9.675
2017-11-21,9.7
2017-11-22,9.7
2017-11-23,9.75
2017-11-24,9.8
2017-11-27,9.85
2017-11-28,9.85
2017-11-29,9.9
2017-11-30,9.9
2017-12-01,9.9
2017-12-04,9.9
2017-12-05,9.95
2017-12-06,9.95
2017-12-07,10.05
2017-12-08,10.05
2017-12-11,10.1
2017-12-12,10.2
2017-12-13,10.5
2017-12-14,10.5
2017-12-15,10.7
2017-12-18,10.8
2017-12-19,10.85
2017-12-20,10.975
2017-12-21,11.075
2017-12-22,11.075
2017-12-26,11.175
2017-12-27,11.2
2017-12-28,11.2
2017-12-29,11.2
2018-01-02,11.2
2018-01-03,11.2
2018-01-04,11.2
2018-01-05,11.25
2018-01-08,11.3
2018-01-09,11.35
2018-01-10,11.425
2018-01-11,11.55
2018-01-12,11.65
2018-01-15,11.7
2018-01-16,10.45
2018-01-17,10.5
2018-01-18,10.55
2018-01-19,10.55
2018-01-22,10.525
2018-01-23,10.325
2018-01-24,10.325
2018-01-25,10.325
2018-01-26,10.325
2018-01-29,10.375
2018-01-30,10.375
2018-01-31,10.275
2018-02-01,10.275
2018-02-02,10.275
2018-02-05,10.45
2018-02-06,10.625
2018-02-07,10.625
2018-02-08,10.625
2018-02-09,10.6
2018-02-12,10.5
2018-02-13,10.5
2018-02-14,10.5
2018-02-15,10.5
2018-02-19,8.075
2018-02-20,8.125
2018-02-21,8.2
2018-02-22,8.275
2018-02-23,8.275
2018-02-26,8.275
2018-02-27,8.275
2018-02-28,8.225
2018-03-01,8.325
2018-03-02,8.475
2018-03-05,8.625
2018-03-06,8.675
2018-03-07,8.675
2018-03-08,8.7
2018-03-09,8.7
2018-03-12,8.7
2018-03-13,8.5
2018-03-14,8.3
2018-03-15,8.15
2018-03-16,7.525
2018-03-19,7.525
2018-03-20,7.375
2018-03-21,7.175
2018-03-22,7.075
2018-03-23,7.05
2018-03-26,7.05
2018-03-27,7.05
2018-03-28,7.05
2018-03-29,7.075
2018-04-02,7.075
2018-04-03,7.1
2018-04-04,7.1
2018-04-05,7.125
2018-04-06,7.125
2018-04-09,7.125
2018-04-10,7.225
2018-04-11,7.225
2018-04-12,7.225
2018-04-13,7.275
2018-04-16,7.6
2018-04-17,7.6
2018-04-18,7.6
2018-04-19,7.525
2018-04-20,7.575
2018-04-23,7.625
2018-04-24,8.025
2018-04-25,8.025
2018-04-26,7.975
2018-04-27,8.125
2018-04-30,8.175
2018-05-02,8.175
2018-05-03,8.075
2018-05-04,8.075
2018-05-07,8.075
2018-05-08,8.075
2018-05-09,8.125
2018-05-10,8.125
2018-05-11,8.275
2018-05-14,8.275
2018-05-15,8.275
2018-05-16,8.55
2018-05-17,8.7
2018-05-18,8.8
2018-05-21,9.0
2018-05-22,9.15
2018-05-23,9.15
2018-05-24,9.35
2018-05-25,9.55
2018-05-28,9.55
2018-05-30,9.5
2018-05-31,9.5
2018-06-01,9.6
2018-06-04,9.7
2018-06-05,9.825
2018-06-06,9.875
2018-06-07,9.95
2018-06-08,10.0
2018-06-11,10.1
2018-06-12,10.15
2018-06-13,10.5
2018-06-14,11.45
2018-06-18,11.15
2018-06-19,11.2
2018-06-20,11.2
2018-06-21,11.0
2018-06-22,10.6
2018-06-25,10.3
2018-06-26,10.3
2018-06-27,10.3
2018-06-28,10.3
2018-06-29,10.3
2018-07-02,10.35
2018-07-03,10.35
2018-07-04,10.4
2018-07-05,10.4
2018-07-06,10.4
2018-07-09,10.4
2018-07-10,10.3
2018-07-11,10.1
2018-07-12,10.0
2018-07-13,9.75
2018-07-16,9.5
2018-07-17,9.45
2018-07-18,9.45
2018-07-19,9.279
2018-07-20,9.3
2018-07-23,9.475
2018-07-24,9.575
2018-07-25,9.725
2018-07-26,9.775
2018-07-27,9.758
2018-07-30,9.775
2018-07-31,9.875
2018-08-01,9.975
2018-08-02,10.075
2018-08-03,10.1
2018-08-06,10.1
2018-08-07,10.125
2018-08-08,10.175
2018-08-10,10.275
2018-08-13,10.375
2018-08-14,10.425
2018-08-15,10.575
2018-08-16,11.212
2018-08-17,11.225
2018-08-20,11.225
2018-08-21,11.274
2018-08-23,11.375
2018-08-24,11.484
2018-08-27,11.575
2018-08-28,11.575
2018-08-29,11.625
2018-08-30,11.625
2018-08-31,11.794
2018-09-03,11.75
2018-09-04,11.575
2018-09-05,11.575
2018-09-06,11.575
2018-09-07,11.575
2018-09-10,11.475
2018-09-11,11.45
2018-09-12,11.35
2018-09-13,11.2
2018-09-14,11.05
2018-09-17,12.069
2018-09-18,11.764
2018-09-19,11.364
2018-09-20,11.35
2018-09-21,11.35
2018-09-24,11.35
2018-09-25,11.55
2018-09-26,11.575
2018-09-27,11.541
2018-09-28,11.5
2018-10-01,11.161
2018-10-02,11.076
2018-10-03,11.125
2018-10-04,11.051
2018-10-05,10.964
2018-10-08,10.95
2018-10-09,10.8
2018-10-10,10.75
2018-10-11,10.35
2018-10-12,9.925
2018-10-15,9.875
2018-10-16,10.675
2018-10-17,10.65
2018-10-18,10.91
2018-10-19,10.872
2018-10-22,10.8
2018-10-23,10.55
2018-10-24,10.2
2018-10-25,10.243
2018-10-26,10.488
2018-10-29,10.482
2018-10-30,10.5
2018-10-31,10.375
2018-11-01,10.46
2018-11-02,10.45
2018-11-05,10.45
2018-11-07,10.425
2018-11-08,10.417
2018-11-09,10.35
2018-11-12,10.376
2018-11-13,10.376
2018-11-14,10.3
2018-11-15,10.2
2018-11-16,10.678
2018-11-19,10.55
2018-11-20,10.45
2018-11-21,10.195
2018-11-22,10.129
2018-11-23,10.073
2018-11-26,9.975
2018-11-27,9.825
2018-11-28,9.675
2018-11-29,9.625
2018-11-30,9.525
2018-12-03,9.525
2018-12-04,9.275
2018-12-05,9.119
2018-12-06,8.806
2018-12-07,8.748
2018-12-10,8.675
2018-12-11,8.625
2018-12-12,8.625
2018-12-13,8.625
2018-12-14,8.825
2018-12-17,9.05
2018-12-18,9.1
2018-12-19,9.1
2018-12-20,9.15
2018-12-21,9.1
2018-12-26,9.0
2018-12-27,9.0
2018-12-28,8.95
2019-01-02,8.9
2019-01-03,8.85
2019-01-04,8.8
2019-01-07,8.628
2019-01-08,8.525
2019-01-09,8.475
2019-01-10,8.475
2019-01-11,8.375
2019-01-14,8.375
2019-01-15,8.275
2019-01-16,8.063
2019-01-17,8.025
2019-01-18,8.219
2019-01-21,8.15
2019-01-22,8.05
2019-01-23,8.044
2019-01-24,7.961
2019-01-25,7.773
2019-01-28,7.485
2019-01-29,7.212
2019-01-30,7.175
2019-01-31,6.975
2019-02-01,6.85
2019-02-04,6.8
2019-02-07,6.8
2019-02-08,6.629
2019-02-11,6.6
2019-02-12,6.6
2019-02-13,6.476
2019-02-14,6.475
2019-02-15,6.475
2019-02-18,6.39
2019-02-19,6.375
2019-02-20,6.375
2019-02-21,6.222
2019-02-22,6.225
2019-02-25,6.225
2019-02-26,6.125
2019-02-27,6.125
2019-02-28,6.043
2019-03-01,6.025
2019-03-04,5.913
2019-03-05,5.875
2019-03-06,5.85
2019-03-07,5.75
2019-03-08,5.7
2019-03-11,5.65
2019-03-12,5.65
2019-03-13,5.522
2019-03-14,5.45
2019-03-15,5.45
2019-03-18,5.258
2019-03-19,5.125
2019-03-20,4.971
2019-03-21,4.599
2019-03-22,4.429
2019-03-25,4.425
2019-03-26,4.375
2019-03-27,4.371
2019-03-28,4.375
2019-03-29,4.522
2019-04-01,4.525
2019-04-02,4.525
2019-04-03,4.525
2019-04-04,4.475
2019-04-05,4.475
2019-04-08,4.475
2019-04-09,5.028
2019-04-10,5.075
2019-04-11,5.253
2019-04-12,5.718
2019-04-15,5.725
2019-04-16,6.002
2019-04-17,5.652
2019-04-18,5.378
2019-04-22,5.26
2019-04-23,5.225
2019-04-24,5.279
2019-04-25,5.348
2019-04-26,5.467
2019-04-29,5.535
2019-04-30,5.576
2019-05-02,5.631
2019-05-03,5.633
2019-05-06,5.679
2019-05-07,5.632
2019-05-08,5.6
2019-05-09,5.583
2019-05-10,5.575
2019-05-13,5.481
2019-05-14,5.361
2019-05-15,5.288
2019-05-16,5.322
2019-05-17,5.071
2019-05-21,4.798
2019-05-22,4.676
2019-05-23,4.594
2019-05-24,4.497
2019-05-27,4.5
2019-05-28,4.5
2019-05-29,4.509
2019-05-30,4.425
2019-05-31,4.267
2019-06-03,4.263
2019-06-04,4.263
2019-06-06,4.263
2019-06-07,4.263
2019-06-10,4.263
2019-06-11,4.35
2019-06-12,4.414
2019-06-13,4.412
2019-06-14,4.4
2019-06-17,4.584
2019-06-18,4.55
2019-06-19,4.55
2019-06-20,4.632
2019-06-21,4.661
2019-06-24,4.663
2019-06-25,4.663
2019-06-26,4.75
2019-06-27,4.75
2019-06-28,4.775
2019-07-01,4.64
2019-07-02,4.625
2019-07-03,4.48
2019-07-04,4.31
2019-07-05,4.3
2019-07-08,4.3
2019-07-09,4.338
2019-07-10,4.315
2019-07-11,4.375
2019-07-12,4.588
2019-07-15,4.684
2019-07-16,5.026
2019-07-17,4.669
2019-07-18,4.618
2019-07-19,4.556
2019-07-22,4.395
2019-07-23,4.312
2019-07-24,4.288
2019-07-25,4.307
2019-07-26,4.29
2019-07-29,4.215
2019-07-30,4.11
2019-07-31,4.128
2019-08-01,4.125
2019-08-02,4.175
2019-08-05,4.175
2019-08-06,4.175
2019-08-07,4.2
2019-08-08,4.2
2019-08-13,4.2
2019-08-14,4.262
2019-08-15,4.263
2019-08-16,4.725
2019-08-19,4.701
2019-08-20,4.651
2019-08-21,4.623
2019-08-22,4.536
2019-08-23,4.533
2019-08-26,4.408
2019-08-27,4.4
2019-08-28,4.4
2019-08-29,4.45
2019-08-30,4.625
2019-09-02,4.604
2019-09-03,4.57
2019-09-04,4.283
2019-09-05,4.4
2019-09-06,4.407
2019-09-09,4.457
2019-09-10,4.463
2019-09-11,4.9
2019-09-12,4.9
2019-09-13,5.2
2019-09-16,6.183
2019-09-17,6.274
2019-09-18,6.097
2019-09-19,5.882
2019-09-20,5.847
2019-09-23,5.835
2019-09-24,5.8
2019-09-25,5.699
2019-09-26,5.717
2019-09-27,5.657
2019-09-30,5.65
2019-10-01,5.628
2019-10-02,5.69
2019-10-03,5.701
2019-10-04,5.793
2019-10-07,5.673
2019-10-08,5.768
2019-10-09,5.723
2019-10-10,5.845
2019-10-11,5.85
2019-10-14,5.9
2019-10-15,5.95
2019-10-16,6.805
2019-10-17,7.055
2019-10-18,7.063
2019-10-21,7.063
2019-10-22,6.817
2019-10-23,6.668
2019-10-24,6.297
2019-10-25,6.268
2019-10-29,6.157
2019-10-30,5.964
2019-10-31,5.92
2019-11-01,5.875
2019-11-04,5.875
2019-11-05,5.875
2019-11-06,5.72
2019-11-07,5.65
2019-11-08,5.65
2019-11-11,5.483
2019-11-12,5.475
2019-11-13,5.375
2019-11-14,5.35
2019-11-15,5.35
2019-11-18,5.95
2019-11-19,5.95
2019-11-20,5.95
2019-11-21,5.8
2019-11-22,5.71
2019-11-25,5.728
2019-11-26,5.725
2019-11-27,5.618
2019-11-28,5.613
2019-11-29,5.563
2019-12-02,5.55
2019-12-03,5.5
2019-12-04,5.5
2019-12-05,5.509
2019-12-06,5.475
2019-12-09,5.475
2019-12-10,5.5
2019-12-11,5.5
2019-12-12,5.6
2019-12-13,5.675
2019-12-16,5.45
2019-12-17,5.408
2019-12-18,5.418
2019-12-19,5.521
2019-12-20,5.308
2019-12-23,5.3
2019-12-24,5.132
2019-12-26,5.125
2019-12-27,5.125
2019-12-30,5.261
2019-12-31,5.263
2020-01-02,5.263
2020-01-03,5.263
2020-01-06,5.35
2020-01-07,5.3
2020-01-08,5.3
2020-01-09,5.3
2020-01-10,5.3
2020-01-13,5.3
2020-01-14,5.3
2020-01-15,5.225
2020-01-16,4.275
2020-01-17,4.225
2020-01-20,4.184
2020-01-21,4.046
2020-01-22,4.038
2020-01-23,3.975
2020-01-24,4.002
2020-01-28,3.95
2020-01-29,3.95
2020-01-30,3.859
2020-01-31,3.725
2020-02-03,3.512
2020-02-04,3.363
2020-02-05,3.15
2020-02-06,3.0
2020-02-07,2.95
2020-02-10,2.763
2020-02-11,2.763
2020-02-12,2.763
2020-02-13,2.763
2020-02-14,2.713
2020-02-17,2.824
2020-02-18,2.891
2020-02-19,2.869
2020-02-20,2.915
2020-02-21,3.024
2020-02-24,2.894
2020-02-25,2.904
2020-02-26,3.094
2020-02-27,3.045
2020-02-28,3.125
2020-03-02,3.167
2020-03-03,3.168
2020-03-04,3.163
2020-03-05,3.377
2020-03-06,3.388
2020-03-09,3.293
2020-03-10,3.3
2020-03-11,3.4
2020-03-12,3.485
2020-03-13,3.5
2020-03-16,3.511
2020-03-17,3.538
2020-03-18,3.538
2020-03-19,3.538
2020-03-20,3.513
2020-03-23,3.513
2020-03-24,3.303
2020-03-25,3.063
2020-03-26,2.885
2020-03-27,2.797
2020-03-30,2.622
2020-03-31,2.35
2020-04-01,2.263
2020-04-02,2.263
2020-04-03,2.313
2020-04-06,2.363
2020-04-07,2.388
2020-04-08,2.4
2020-04-09,2.35
2020-04-13,2.35
2020-04-14,2.35
2020-04-15,2.288
2020-04-16,2.388
2020-04-17,2.186
2020-04-20,2.175
2020-04-21,2.04
2020-04-22,2.0
2020-04-23,1.938
2020-04-24,1.925
2020-04-27,1.9
2020-04-28,1.825
2020-04-29,1.825
2020-04-30,1.863
2020-05-04,1.863
2020-05-05,2.025
2020-05-06,2.025
2020-05-08,2.196
2020-05-11,2.325
2020-05-12,2.438
2020-05-13,2.45
2020-05-14,2.398
2020-05-15,2.363
2020-05-18,2.388
2020-05-19,2.317
2020-05-20,2.173
2020-05-21,2.125
2020-05-22,1.887
2020-05-26,1.888
2020-05-27,1.913
2020-05-28,1.938
2020-05-29,1.938
2020-06-01,1.938
2020-06-02,2.025
2020-06-03,2.024
2020-06-04,2.025
2020-06-05,2.025
2020-06-08,2.05
2020-06-09,2.1
2020-06-10,2.15
2020-06-11,2.15
2020-06-12,2.1
2020-06-15,2.1
2020-06-16,2.225
2020-06-17,2.225
2020-06-18,2.175
2020-06-19,2.15
2020-06-22,2.15
2020-06-23,2.125
2020-06-24,2.125
2020-06-25,2.1
2020-06-26,2.125
2020-06-29,2.125
2020-06-30,2.15
2020-07-01,2.15
2020-07-02,2.125
2020-07-03,2.125
2020-07-06,2.125
2020-07-07,2.138
2020-07-08,2.138
2020-07-09,2.175
2020-07-13,2.3
2020-07-14,2.25
2020-07-15,2.25
2020-07-16,2.468
2020-07-17,2.463
2020-07-20,2.463
2020-07-21,2.483
2020-07-22,2.488
2020-07-23,2.553
2020-07-24,2.563
2020-07-27,2.643
2020-07-28,2.68
2020-07-29,2.675
2020-07-30,2.7
2020-08-03,2.7
2020-08-04,2.858
2020-08-05,2.975
2020-08-06,3.189
2020-08-07,3.386
2020-08-11,3.55
2020-08-12,3.6
2020-08-13,3.65
2020-08-14,3.875
2020-08-17,4.172
2020-08-18,4.175
2020-08-19,4.175
2020-08-20,4.125
2020-08-21,3.979
2020-08-24,3.85
2020-08-25,3.85
2020-08-26,3.908
2020-08-27,4.058
2020-08-28,4.226
2020-08-31,4.294
2020-09-01,4.294
2020-09-02,4.387
2020-09-03,4.521
2020-09-04,4.662
2020-09-07,4.663
2020-09-08,4.613
2020-09-09,4.613
2020-09-10,4.55
2020-09-11,4.55
2020-09-14,4.55
2020-09-15,4.55
2020-09-16,4.792
2020-09-17,4.812
2020-09-18,4.8
2020-09-21,4.8
2020-09-22,4.75
2020-09-23,4.775
2020-09-24,4.924
2020-09-25,4.938
2020-09-28,5.074
2020-09-29,5.198
2020-09-30,5.163
2020-10-01,5.163
2020-10-02,5.113
2020-10-05,5.163
2020-10-06,5.192
2020-10-07,5.286
2020-10-08,5.388
2020-10-09,5.535
2020-10-12,5.538
2020-10-13,5.588
2020-10-14,5.588
2020-10-15,5.638
2020-10-16,6.613
2020-10-19,6.613
2020-10-20,6.761
2020-10-21,6.757
2020-10-22,6.833
2020-10-23,7.382
2020-10-26,7.49
2020-10-27,7.371
2020-10-28,7.299
2020-10-29,7.176
2020-10-30,6.937
2020-11-02,6.8
2020-11-03,6.535
2020-11-04,6.628
2020-11-05,6.679
2020-11-06,6.86
2020-11-09,6.85
2020-11-10,6.85
2020-11-11,6.85
2020-11-12,6.8
2020-11-13,6.8
2020-11-16,6.708
2020-11-17,6.713
2020-11-18,6.479
2020-11-19,6.401
2020-11-20,6.225
2020-11-23,6.647
2020-11-24,6.663
2020-11-25,7.124
2020-11-26,7.138
2020-11-27,7.518
2020-11-30,7.775
2020-12-01,7.857
2020-12-02,8.094
2020-12-03,8.1
2020-12-04,8.068
2020-12-07,8.328
2020-12-08,8.914
2020-12-09,9.175
2020-12-10,10.046
2020-12-11,11.226
2020-12-14,12.213
2020-12-15,12.404
2020-12-16,12.121
2020-12-17,11.291
2020-12-18,11.112
2020-12-21,11.402
2020-12-22,11.567
2020-12-23,11.575
2020-12-24,11.811
2020-12-28,12.514
2020-12-29,12.803
2020-12-30,13.542
2020-12-31,15.097
2021-01-04,16.474
2021-01-05,18.33
2021-01-06,19.977
2021-01-07,20.705
2021-01-08,21.453
2021-01-11,28.221
2021-01-12,32.494
2021-01-13,32.5
2021-01-14,32.5
2021-01-15,26.99
2021-01-18,9.626
2021-01-19,8.666
2021-01-20,8.992
2021-01-21,8.975
2021-01-22,8.875
2021-01-25,8.875
2021-01-26,8.856
2021-01-27,8.617
2021-01-28,8.477
2021-01-29,8.756
2021-02-01,8.738
2021-02-02,8.45
2021-02-03,8.35
2021-02-04,7.83
2021-02-05,7.493
2021-02-08,7.615
2021-02-09,7.236
2021-02-10,7.05
2021-02-11,6.9
2021-02-15,6.9
2021-02-16,6.349
2021-02-17,6.35
2021-02-18,6.288
2021-02-19,6.45
2021-02-22,6.35
2021-02-23,6.275
2021-02-24,6.075
2021-02-25,5.894
2021-02-26,5.721
2021-03-01,5.57
2021-03-02,5.563
2021-03-03,5.563
2021-03-04,5.595
2021-03-05,5.825
2021-03-08,5.925
2021-03-09,6.03
2021-03-10,6.05
2021-03-11,6.418
2021-03-12,6.538
2021-03-15,6.713
2021-03-16,6.688
2021-03-17,6.563
2021-03-18,6.694
2021-03-19,6.55
2021-03-22,6.488
2021-03-23,6.785
2021-03-24,6.924
2021-03-25,6.863
2021-03-26,6.813
2021-03-29,6.813
2021-03-30,6.788
2021-03-31,7.042
2021-04-01,7.088
2021-04-05,7.088
2021-04-06,7.136
2021-04-07,7.325
2021-04-08,7.35
2021-04-09,7.35
2021-04-12,7.438
2021-04-13,7.513
2021-04-14,7.513
2021-04-15,7.563
2021-04-16,8.11
2021-04-19,8.56
2021-04-20,8.575
2021-04-21,8.659
2021-04-22,8.705
2021-04-23,8.55
2021-04-26,8.3
2021-04-27,8.3
2021-04-28,8.682
2021-04-29,8.855
2021-04-30,9.262
2021-05-03,9.457
2021-05-04,9.513
2021-05-05,9.413
2021-05-06,9.704
2021-05-07,9.649
2021-05-10,10.036
2021-05-11,10.0
2021-05-12,10.1
2021-05-14,10.2
2021-05-17,10.394
2021-05-18,10.313
2021-05-19,9.903
2021-05-20,9.6
2021-05-21,10.47
2021-05-24,10.213
2021-05-25,10.249
2021-05-27,10.498
2021-05-28,10.313
2021-05-31,10.585
2021-06-01,10.983
2021-06-02,10.925
2021-06-03,10.95
2021-06-04,10.913
2021-06-07,11.042
2021-06-08,11.682
2021-06-09,11.982
2021-06-10,12.115
2021-06-11,12.075
2021-06-14,12.075
2021-06-15,12.125
2021-06-16,11.734
2021-06-17,11.638
2021-06-18,11.688
2021-06-21,12.058
2021-06-22,12.335
2021-06-23,12.461
2021-06-24,12.74
2021-06-25,12.934
2021-06-28,12.888
2021-06-29,13.047
2021-06-30,13.391
2021-07-01,14.2
2021-07-02,13.738
2021-07-05,14.31
2021-07-06,14.247
2021-07-07,13.046
2021-07-08,11.952
2021-07-09,13.513
2021-07-12,13.588
2021-07-13,13.288
2021-07-14,13.338
2021-07-15,13.275
2021-07-16,13.961
2021-07-19,14.262
2021-07-21,14.315
2021-07-22,14.665
2021-07-23,14.39
2021-07-26,14.548
2021-07-27,14.959
2021-07-28,15.11
2021-07-29,15.629
2021-07-30,15.699
2021-08-02,16.255
2021-08-03,15.959
2021-08-04,15.915
2021-08-05,16.155
2021-08-06,17.295
2021-08-10,17.234
2021-08-11,16.988
2021-08-12,17.155
2021-08-13,16.95
2021-08-16,17.715
2021-08-17,17.833
2021-08-18,17.685
2021-08-19,16.552
2021-08-20,15.3
2021-08-23,16.17
2021-08-24,16.674
2021-08-25,17.46
2021-08-26,17.075
2021-08-27,18.069
2021-08-30,18.675
2021-08-31,18.625
2021-09-01,19.66
2021-09-02,19.25
2021-09-03,19.75
2021-09-06,20.06
2021-09-07,19.85
2021-09-08,20.038
2021-09-09,20.392
2021-09-10,20.518
2021-09-13,21.828
2021-09-14,23.185
2021-09-15,25.075
2021-09-16,25.95
2021-09-17,25.083
2021-09-20,26.441
2021-09-21,28.538
2021-09-22,27.266
2021-09-23,26.36
2021-09-24,26.797
2021-09-27,28.898
2021-09-28,32.229
2021-09-29,31.655
2021-09-30,34.47
2021-10-01,33.845
2021-10-04,34.986
2021-10-05,39.671
2021-10-06,56.326
2021-10-07,35.604
2021-10-08,38.414
2021-10-11,35.21
2021-10-12,34.002
2021-10-13,35.546
2021-10-14,37.706
2021-10-15,36.598
2021-10-18,36.09
2021-10-19,35.307
2021-10-20,35.796
2021-10-21,34.34
2021-10-22,33.642
2021-10-25,34.139
2021-10-26,34.232
2021-10-27,33.123
2021-10-28,30.93
2021-10-29,29.804
2021-11-01,28.5
2021-11-02,26.225
2021-11-03,28.152
2021-11-05,30.306
2021-11-08,31.864
2021-11-09,30.559
2021-11-10,27.45
2021-11-11,29.265
2021-11-12,30.785
2021-11-15,31.723
2021-11-16,34.469
2021-11-17,38.85
2021-11-18,36.666
2021-11-19,36.096
2021-11-22,34.144
2021-11-23,34.009
2021-11-24,35.987
2021-11-25,35.315
2021-11-26,35.25
2021-11-29,36.23
2021-11-30,37.226
2021-12-01,35.192
2021-12-02,34.794
2021-12-03,34.181
2021-12-06,33.226
2021-12-07,34.25
2021-12-08,34.573
2021-12-09,34.729
2021-12-10,34.897
2021-12-13,38.65
2021-12-14,39.021
2021-12-15,41.382
2021-12-16,39.789
2021-12-17,38.699
2021-12-20,41.606
2021-12-21,44.194
2021-12-22,42.351
2021-12-23,44.285
2021-12-24,35.948
2021-12-28,32.467
2021-12-29,31.128
2021-12-30,30.658
2021-12-31,28.794
2022-01-03,23.282
2022-01-04,29.356
2022-01-05,31.926
2022-01-06,31.265
2022-01-07,31.195
2022-01-10,28.327
2022-01-11,26.493
2022-01-12,27.064
2022-01-13,22.965
2022-01-14,27.943
2022-01-17,21.534
2022-01-18,21.718
2022-01-19,20.697
2022-01-20,18.945
2022-01-21,20.172
2022-01-24,23.113
2022-01-25,26.206
2022-01-26,26.618
2022-01-27,28.272
2022-01-28,29.678
2022-01-31,27.924
2022-02-03,25.77
2022-02-04,27.038
2022-02-07,26.335
2022-02-08,27.019
2022-02-09,24.651
2022-02-10,25.051
2022-02-11,23.551
2022-02-14,26.701
2022-02-15,25.303
2022-02-16,21.731
2022-02-17,24.301
2022-02-18,24.171
2022-02-21,23.693
2022-02-22,25.548
2022-02-23,27.848
2022-02-24,36.898
2022-02-25,33.048
2022-02-28,36.874
2022-03-01,32.422
2022-03-02,48.447
2022-03-03,59.672
2022-03-04,47.297
2022-03-07,84.762
2022-03-08,54.281
2022-03-09,39.657
2022-03-10,36.457
2022-03-11,28.603
2022-03-14,29.647
2022-03-15,33.547
2022-03-16,35.516
2022-03-17,35.594
2022-03-18,35.378
2022-03-21,32.753
2022-03-22,31.637
2022-03-23,33.841
2022-03-24,38.045
2022-03-25,32.66
2022-03-28,30.327
2022-03-29,32.978
2022-03-30,36.916
2022-03-31,34.744
2022-04-01,35.998
2022-04-04,33.473
2022-04-05,32.02
2022-04-06,31.97
2022-04-07,30.718
2022-04-08,31.443
2022-04-11,30.094
2022-04-12,29.72
2022-04-13,29.249
2022-04-14,29.375
2022-04-18,25.469
2022-04-19,24.775
2022-04-20,25.363
2022-04-21,25.556
2022-04-22,26.3
2022-04-25,24.91
2022-04-26,22.599
2022-04-27,26.2
2022-04-28,22.225
2022-04-29,21.9
2022-05-04,23.425
2022-05-05,23.703
2022-05-06,23.353
2022-05-09,20.2
2022-05-10,19.422
2022-05-11,21.772
2022-05-12,23.197
2022-05-13,21.422
2022-05-17,20.075
2022-05-18,22.255
2022-05-19,23.035
2022-05-20,21.932
2022-05-23,21.996
2022-05-24,23.123
2022-05-25,23.108
2022-05-26,24.338
2022-05-27,23.771
2022-05-30,25.103
2022-05-31,25.405
2022-06-01,23.711
2022-06-02,23.068
2022-06-03,23.543
2022-06-06,23.668
2022-06-07,22.15
2022-06-08,21.792
2022-06-09,23.486
2022-06-10,23.561
2022-06-13,22.543
2022-06-14,24.1
2022-06-15,28.927
2022-06-16,38.58
2022-06-17,37.889
2022-06-20,36.049
2022-06-21,36.779
2022-06-22,36.246
2022-06-23,37.246
2022-06-24,36.888
2022-06-27,37.028
2022-06-28,36.288
2022-06-29,38.59
2022-06-30,39.627
2022-07-01,40.52
2022-07-04,41.652
2022-07-05,43.574
2022-07-06,39.124
2022-07-07,42.474
2022-07-08,41.698
2022-07-12,37.749
2022-07-13,41.773
2022-07-14,41.87
2022-07-15,39.049
2022-07-18,36.594
2022-07-19,38.372
2022-07-20,39.537
2022-07-21,37.867
2022-07-22,42.57
2022-07-25,41.392
2022-07-26,45.144
2022-07-27,51.957
2022-07-28,43.309
2022-07-29,45.514
2022-08-01,47.439
2022-08-02,50.232
2022-08-03,49.888
2022-08-04,46.047
2022-08-05,47.072
2022-08-08,45.425
2022-08-10,46.448
2022-08-11,50.628
2022-08-12,51.185
2022-08-15,52.231
2022-08-16,57.728
2022-08-17,59.055
2022-08-18,56.01
2022-08-19,55.277
2022-08-22,61.025
2022-08-23,59.045
2022-08-24,55.828
2022-08-25,71.012
2022-08-26,66.559
2022-08-29,71.253
2022-08-30,55.871
2022-08-31,59.073
2022-09-01,49.774
2022-09-02,49.381
2022-09-05,62.77
2022-09-06,46.026
2022-09-07,47.701
2022-09-08,38.635
2022-09-09,43.531
2022-09-12,39.091
2022-09-13,36.966
2022-09-14,42.191
2022-09-15,46.871
2022-09-16,41.722
2022-09-19,38.186
2022-09-20,38.659
2022-09-21,44.813
2022-09-22,39.773
2022-09-23,38.212
2022-09-26,35.319
2022-09-27,39.052
2022-09-28,39.572
2022-09-29,38.037
2022-09-30,37.412
2022-10-03,35.675
2022-10-04,30.087
2022-10-05,28.875
2022-10-06,32.503
2022-10-07,27.621
2022-10-10,26.794
2022-10-11,29.554
2022-10-12,28.975
2022-10-13,30.325
2022-10-14,29.2
2022-10-17,30.272
2022-10-18,28.654
2022-10-19,29.613
2022-10-20,30.274
2022-10-21,32.659
2022-10-25,29.897
2022-10-26,29.919
2022-10-27,30.025
2022-10-28,30.158
2022-10-31,25.567
2022-11-01,25.613
2022-11-02,26.594
2022-11-03,29.007
2022-11-04,28.176
2022-11-07,23.525
2022-11-08,25.921
2022-11-09,25.301
2022-11-10,24.33
2022-11-11,22.076
2022-11-14,22.1
2022-11-15,25.648
2022-11-16,28.547
2022-11-17,24.781
2022-11-18,28.572
2022-11-21,29.608
2022-11-22,28.662
2022-11-23,34.238
2022-11-24,31.368
2022-11-25,31.577
2022-11-28,31.029
2022-11-29,31.149
2022-11-30,33.505
2022-12-01,38.075
2022-12-02,32.765
2022-12-05,36.243
2022-12-06,35.313
2022-12-07,36.899
2022-12-08,40.353
2022-12-09,36.264
2022-12-12,33.846
2022-12-13,36.947
2022-12-14,37.774
2022-12-15,38.22
2022-12-16,37.962
2022-12-19,35.405
2022-12-20,33.297
2022-12-21,32.171
2022-12-22,30.035
2022-12-23,29.945
2022-12-27,27.277
2022-12-28,25.656
2022-12-29,27.07
2022-12-30,28.315
2023-01-03,23.901
2023-01-04,22.941
2023-01-05,21.077
2023-01-06,23.245
2023-01-09,23.373
2023-01-10,23.111
2023-01-11,21.912
2023-01-12,20.861
2023-01-13,21.772
2023-01-16,18.784
2023-01-17,18.389
2023-01-18,19.151
2023-01-19,21.085
2023-01-20,20.486
2023-01-25,19.347
2023-01-26,19.244
2023-01-27,18.936
2023-01-30,18.895
2023-01-31,19.395
2023-02-01,17.968
2023-02-02,18.813
2023-02-03,17.592
2023-02-06,17.545
2023-02-07,16.601
2023-02-08,15.714
2023-02-09,15.663
2023-02-10,16.026
2023-02-13,15.4
2023-02-14,15.276
2023-02-15,15.212
2023-02-16,15.575
2023-02-17,14.499
2023-02-20,14.642
2023-02-21,13.913
2023-02-22,14.513
2023-02-23,14.735
2023-02-24,14.988
2023-02-27,14.71
2023-02-28,14.435
2023-03-01,14.299
2023-03-02,14.536
2023-03-03,13.963
2023-03-06,13.113
2023-03-07,13.013
2023-03-08,12.988
2023-03-09,12.238
2023-03-10,14.238
2023-03-13,14.838
2023-03-14,14.363
2023-03-15,13.764
2023-03-16,13.165
2023-03-17,13.425
2023-03-20,12.678
2023-03-21,12.978
2023-03-22,13.421
2023-03-23,12.58
2023-03-24,12.75
2023-03-27,12.361
2023-03-28,12.113
2023-03-29,12.612
2023-03-30,12.101
2023-03-31,12.869
2023-04-03,13.533
2023-04-04,12.983
2023-04-05,12.383
2023-04-06,12.194
2023-04-10,11.903
2023-04-11,11.99
2023-04-12,12.357
2023-04-13,12.132
2023-04-14,11.932
2023-04-17,12.512
2023-04-18,12.378
2023-04-19,12.557
2023-04-20,12.019
2023-04-21,11.857
2023-04-24,11.685
2023-04-25,11.432
2023-04-26,11.283
2023-04-27,11.148
2023-04-28,11.293
2023-05-02,11.213
2023-05-03,10.578
2023-05-04,10.292
2023-05-05,9.882
2023-05-08,10.072
2023-05-09,10.272
2023-05-10,10.472
2023-05-11,10.131
2023-05-12,10.155
2023-05-15,9.739
2023-05-16,9.438
2023-05-17,9.649
2023-05-18,9.707
2023-05-19,9.81
2023-05-22,9.763
2023-05-23,9.785
2023-05-24,9.722
2023-05-25,9.291
2023-05-26,8.996
2023-05-29,8.867
2023-05-30,8.757
2023-05-31,8.786
2023-06-01,8.853
2023-06-05,8.784
2023-06-06,9.077
2023-06-07,8.399
2023-06-08,9.001
2023-06-09,9.484
2023-06-12,9.882
2023-06-13,9.744
2023-06-14,11.576
2023-06-15,13.483
2023-06-16,12.184
2023-06-19,11.636
2023-06-20,12.905
2023-06-21,13.143
2023-06-22,12.543
2023-06-23,11.696
2023-06-26,12.294
2023-06-27,11.715
2023-06-28,12.049
2023-06-30,11.776
2023-07-03,12.667
2023-07-04,11.692
2023-07-05,11.974
2023-07-06,11.742
2023-07-07,11.7
2023-07-10,11.725
2023-07-11,11.185
2023-07-12,11.0
2023-07-13,10.685
2023-07-14,11.075
2023-07-17,10.378
2023-07-18,10.596
2023-07-19,10.569
2023-07-20,10.657
2023-07-21,11.384
2023-07-24,11.075
2023-07-25,11.404
2023-07-26,11.865
2023-07-27,11.15
2023-07-28,10.703
2023-07-31,10.416
2023-08-01,11.174
2023-08-02,10.821
2023-08-03,11.133
2023-08-04,10.989
2023-08-07,11.042
2023-08-08,10.874
2023-08-10,12.045
2023-08-11,12.292
2023-08-14,12.342
2023-08-15,12.402
2023-08-16,14.137
2023-08-17,14.426
2023-08-18,13.822
2023-08-21,14.021
2023-08-22,14.056
2023-08-23,14.311
2023-08-24,12.769
2023-08-25,12.411
2023-08-28,12.681
2023-08-29,13.367
2023-08-30,12.893
2023-08-31,13.713
2023-09-04,13.181
2023-09-05,12.673
2023-09-06,12.935
2023-09-07,12.676
2023-09-08,13.342
2023-09-11,13.821
2023-09-12,13.325
2023-09-13,13.301
2023-09-14,12.862
2023-09-15,12.523
2023-09-18,14.151
2023-09-19,13.954
2023-09-20,14.285
2023-09-21,14.147
2023-09-22,14.817
2023-09-25,15.796
2023-09-26,15.115
2023-09-27,14.701
2023-09-28,15.276
2023-09-29,14.633
2023-10-02,14.197
2023-10-03,12.92
2023-10-04,12.625
2023-10-05,12.861
2023-10-06,12.878
2023-10-09,14.112
2023-10-10,15.133
2023-10-11,15.782
2023-10-12,15.349
2023-10-13,16.774
2023-10-16,18.345
2023-10-17,17.575
2023-10-18,19.055
2023-10-19,17.905
2023-10-20,18.705
2023-10-23,18.044
2023-10-24,18.54
2023-10-25,17.764
2023-10-26,17.55
2023-10-27,17.575
2023-10-30,18.42
2023-10-31,17.319
2023-11-01,16.044
2023-11-02,16.299
2023-11-03,16.367
2023-11-06,15.807
2023-11-07,15.562
2023-11-08,15.621
2023-11-09,15.541
2023-11-10,15.962
2023-11-14,15.691
2023-11-15,16.56
2023-11-16,17.225
2023-11-17,17.3
2023-11-20,17.638
2023-11-21,16.707
2023-11-22,16.211
2023-11-23,16.733
2023-11-24,16.79
2023-11-27,16.067
2023-11-28,15.636
2023-11-29,15.797
2023-11-30,15.278
2023-12-01,15.785
2023-12-04,15.492
2023-12-05,14.908
2023-12-06,15.048
2023-12-07,15.097
2023-12-08,14.764
2023-12-11,12.79
2023-12-12,12.562
2023-12-13,11.788
2023-12-14,12.266
2023-12-15,12.443
2023-12-18,11.907
2023-12-19,11.726
2023-12-20,11.793
2023-12-21,11.926
2023-12-22,12.103
2023-12-26,11.695
2023-12-27,12.365
2023-12-28,11.693
2023-12-29,11.249
2024-01-02,11.079
2024-01-03,10.711
2024-01-04,11.204
2024-01-05,11.048
2024-01-08,10.749
2024-01-09,9.809
2024-01-10,10.137
2024-01-11,10.133
2024-01-12,10.318
2024-01-15,10.348
2024-01-16,9.804
2024-01-17,9.707
2024-01-18,9.433
2024-01-19,9.549
2024-01-22,9.206
2024-01-23,9.268
2024-01-24,9.298
2024-01-25,9.544
2024-01-26,8.909
2024-01-29,9.349
2024-01-30,9.156
2024-01-31,9.86
2024-02-01,9.716
2024-02-02,9.524
2024-02-05,9.572
2024-02-06,9.459
2024-02-07,9.356
2024-02-08,9.458
2024-02-09,9.163
2024-02-13,8.863
2024-02-14,8.513
2024-02-15,8.925
2024-02-16,8.698
2024-02-19,8.498
2024-02-20,8.291
2024-02-21,8.28
2024-02-22,8.23
2024-02-23,7.983
2024-02-26,7.981
2024-02-27,8.144
2024-02-28,8.259
2024-02-29,8.218
2024-03-01,8.327
2024-03-04,8.276
2024-03-05,8.963
2024-03-06,8.982
2024-03-07,8.653
2024-03-08,9.158
2024-03-11,8.802
2024-03-12,8.553
2024-03-13,8.714
2024-03-14,8.792
2024-03-15,9.142
2024-03-18,9.945
2024-03-19,9.981
2024-03-20,9.612
2024-03-21,9.436
2024-03-22,9.18
2024-03-25,9.831
2024-03-26,9.668
2024-03-27,9.523
2024-03-28,9.509
2024-04-01,9.494
2024-04-02,9.383
